{
  "piecewise_breakpoint": 3.18,
  "low_flow": {
    "A": 9.159398504968095,
    "B": 3.3411131968848764
  },
  "high_flow": {
    "A": 31.042435398039803,
    "B": 2.3176451894748884
  }
}