{
  "piecewise_breakpoint": 3.18,
  "low_flow": {
    "A": 9.106797111650742,
    "B": 3.347548610329543
  },
  "high_flow": {
    "A": 31.04136921706454,
    "B": 2.3177174611751403
  }
}