{
  "piecewise_breakpoint": 3.2,
  "low_flow": {
    "A": 9.233730045351157,
    "B": 3.3314059577474135
  },
  "high_flow": {
    "A": 31.232241647627433,
    "B": 2.3142773854263803
  }
}