{
  "piecewise_breakpoint": 3.19,
  "low_flow": {
    "A": 9.198915178392026,
    "B": 3.3363591696991293
  },
  "high_flow": {
    "A": 31.14175539145762,
    "B": 2.3158788149240883
  }
}