{
  "piecewise_breakpoint": 3.19,
  "low_flow": {
    "A": 9.12895021632494,
    "B": 3.34492887542138
  },
  "high_flow": {
    "A": 31.151464454511522,
    "B": 2.3159376418266784
  }
}