{
  "piecewise_breakpoint": 3.19,
  "low_flow": {
    "A": 9.12895021632494,
    "B": 3.34492887542138
  },
  "high_flow": {
    "A": 31.139543202007424,
    "B": 2.3160248433390023
  }
}