{
  "piecewise_breakpoint": 3.19,
  "low_flow": {
    "A": 9.191306000315597,
    "B": 3.337313352066622
  },
  "high_flow": {
    "A": 31.14175539145762,
    "B": 2.3158788149240883
  }
}