{
  "piecewise_breakpoint": 3.17,
  "low_flow": {
    "A": 9.092446445217922,
    "B": 3.349249301551926
  },
  "high_flow": {
    "A": 30.974666302717583,
    "B": 2.318891527522441
  }
}