{
  "piecewise_breakpoint": 3.2,
  "low_flow": {
    "A": 9.239854458325567,
    "B": 3.3301908886990255
  },
  "high_flow": {
    "A": 31.232330903685806,
    "B": 2.313753410079433
  }
}