{
  "piecewise_breakpoint": 3.18,
  "low_flow": {
    "A": 9.151359545010962,
    "B": 3.342093302744169
  },
  "high_flow": {
    "A": 31.04243539803975,
    "B": 2.3176451894748897
  }
}