{
  "piecewise_breakpoint": 3.17,
  "low_flow": {
    "A": 9.088111245815996,
    "B": 3.3497673942673223
  },
  "high_flow": {
    "A": 30.974494251352933,
    "B": 2.3188946068976506
  }
}