{
  "piecewise_breakpoint": 3.2,
  "low_flow": {
    "A": 9.23334246914612,
    "B": 3.3312616958074557
  },
  "high_flow": {
    "A": 31.232241647627433,
    "B": 2.3142773854263803
  }
}