{
  "piecewise_breakpoint": 3.18,
  "low_flow": {
    "A": 9.118761209801223,
    "B": 3.3461092509686727
  },
  "high_flow": {
    "A": 31.04671578619653,
    "B": 2.3176034869573896
  }
}