{
  "piecewise_breakpoint": 3.18,
  "low_flow": {
    "A": 9.126097478787965,
    "B": 3.345204459347114
  },
  "high_flow": {
    "A": 31.04671578619653,
    "B": 2.3176034869573896
  }
}