{
  "piecewise_breakpoint": 3.18,
  "low_flow": {
    "A": 9.14513228800823,
    "B": 3.342837103484203
  },
  "high_flow": {
    "A": 31.042435398039803,
    "B": 2.3176451894748884
  }
}