{
  "piecewise_breakpoint": 3.2,
  "low_flow": {
    "A": 9.239854458325567,
    "B": 3.3301908886990255
  },
  "high_flow": {
    "A": 31.21213244004038,
    "B": 2.3145500201751257
  }
}