{
  "piecewise_breakpoint": 3.2,
  "low_flow": {
    "A": 9.233657781703782,
    "B": 3.3316018465746615
  },
  "high_flow": {
    "A": 31.232241647627433,
    "B": 2.3142773854263803
  }
}