{
  "piecewise_breakpoint": 3.18,
  "low_flow": {
    "A": 9.144937810424455,
    "B": 3.342860101313682
  },
  "high_flow": {
    "A": 31.04015733807543,
    "B": 2.3176965712552864
  }
}