{
  "piecewise_breakpoint": 3.19,
  "low_flow": {
    "A": 9.214610051952846,
    "B": 3.3341900382787006
  },
  "high_flow": {
    "A": 31.14175539145762,
    "B": 2.3158788149240883
  }
}