{
  "piecewise_breakpoint": 3.18,
  "low_flow": {
    "A": 9.13383143398265,
    "B": 3.3442422126002587
  },
  "high_flow": {
    "A": 31.04671578619653,
    "B": 2.3176034869573896
  }
}