{
  "piecewise_breakpoint": 3.19,
  "low_flow": {
    "A": 9.223266718152002,
    "B": 3.3321358108380084
  },
  "high_flow": {
    "A": 31.14176264436972,
    "B": 2.3146724519739243
  }
}