{
  "piecewise_breakpoint": 3.18,
  "low_flow": {
    "A": 9.105259916428038,
    "B": 3.3477314602273287
  },
  "high_flow": {
    "A": 31.020097451305414,
    "B": 2.3181166692762805
  }
}