{
  "piecewise_breakpoint": 3.17,
  "low_flow": {
    "A": 9.087931671395358,
    "B": 3.34978877353316
  },
  "high_flow": {
    "A": 30.96241730968888,
    "B": 2.3191089530891555
  }
}