{
  "piecewise_breakpoint": 3.19,
  "low_flow": {
    "A": 9.215300095783522,
    "B": 3.3339326967567073
  },
  "high_flow": {
    "A": 31.14175539145762,
    "B": 2.3158788149240883
  }
}