{
  "piecewise_breakpoint": 3.2,
  "low_flow": {
    "A": 9.233254279244164,
    "B": 3.331080632670254
  },
  "high_flow": {
    "A": 31.232241647627433,
    "B": 2.3142773854263803
  }
}