{
  "piecewise_breakpoint": 3.2,
  "low_flow": {
    "A": 9.238403156268602,
    "B": 3.3303655550458426
  },
  "high_flow": {
    "A": 31.232241647627433,
    "B": 2.3142773854263803
  }
}