{
  "piecewise_breakpoint": 3.19,
  "low_flow": {
    "A": 9.211293952719727,
    "B": 3.3347174696362925
  },
  "high_flow": {
    "A": 31.14175539145762,
    "B": 2.3158788149240883
  }
}