{
  "piecewise_breakpoint": 3.18,
  "low_flow": {
    "A": 9.141153320175569,
    "B": 3.343325284791271
  },
  "high_flow": {
    "A": 31.04671578619653,
    "B": 2.3176034869573896
  }
}