{
  "piecewise_breakpoint": 3.19,
  "low_flow": {
    "A": 9.205745632428911,
    "B": 3.335475304508177
  },
  "high_flow": {
    "A": 31.14175539145762,
    "B": 2.3158788149240883
  }
}