{
  "piecewise_breakpoint": 3.18,
  "low_flow": {
    "A": 9.106524626991249,
    "B": 3.347581104558997
  },
  "high_flow": {
    "A": 31.041564817574216,
    "B": 2.3177357588503344
  }
}