{
  "piecewise_breakpoint": 3.18,
  "low_flow": {
    "A": 9.144937810424455,
    "B": 3.342860101313682
  },
  "high_flow": {
    "A": 31.033601613283597,
    "B": 2.31780061060109
  }
}