{
  "piecewise_breakpoint": 3.19,
  "low_flow": {
    "A": 9.223266718151994,
    "B": 3.3321358108380092
  },
  "high_flow": {
    "A": 31.126343935449903,
    "B": 2.3148224344696704
  }
}